first_name,last_name,email
Ava,Mitchell,ava.mitchell@example.com
Liam,Thompson,liam.t@example.com
Sophia,Ramirez,s.ramirez@example.com
Noah,Williams,noah.williams@example.com
Isabella,Chen,isabella.chen@example.com
Mason,Hughes,mason_h@example.com
Mia,Patel,miapatel@example.com
Elijah,Brown,elijah.brown@example.com
Charlotte,Nguyen,charlotte.nguyen@example.com
James,Garcia,james.garcia@example.com
